date,open,low,high,close,volume,changeClosePercent
2025-07-09 15:59:00,503.26,503.16,503.49,503.44,426839,0.04173042147725958
2025-07-09 15:58:00,503.14,503.11,503.32,503.23,201745,0.017887665460913915
2025-07-09 15:57:00,503.06,502.95,503.14,503.14,146097,0.013914564573513921
2025-07-09 15:56:00,503.08,503.0,503.19,503.07,126058,0.0
2025-07-09 15:55:00,502.73,502.72,503.73,503.07,191241,0.0755933080029525
2025-07-09 15:54:00,502.5,502.46,503.03,502.69,93841,0.03781094527364193
2025-07-09 15:53:00,502.71,502.5,502.77,502.5,50545,-0.04773839360305843
2025-07-09 15:52:00,502.55,502.54,502.74,502.74,50423,0.03979782703864565
2025-07-09 15:51:00,502.44,502.39,502.65,502.54,41432,0.023884399506379772
2025-07-09 15:50:00,502.45,502.37,503.9,502.42,89939,-0.01194077376214242
2025-07-09 15:49:00,502.51,502.4,502.51,502.48,23300,-0.003980099502487455
2025-07-09 15:48:00,502.42,502.38,502.53,502.5,31704,0.01592293300425318
2025-07-09 15:47:00,502.39,502.39,502.51,502.42,22486,0.003980891719757018
2025-07-09 15:46:00,502.42,502.38,502.5,502.4,26093,-0.003980733251074398
2025-07-09 15:45:00,502.42,502.33,502.45,502.42,27493,-0.0059707433575417745
2025-07-09 15:44:00,502.32,502.32,502.45,502.45,22297,0.02189751960823827
2025-07-09 15:43:00,502.34,502.28,502.44,502.34,35622,-0.003981208694969762
2025-07-09 15:42:00,502.33,502.29,502.45,502.36,29048,0.005972169689250073
2025-07-09 15:41:00,502.55,502.3,502.55,502.33,23593,-0.03383084577114337
2025-07-09 15:40:00,502.54,502.45,502.55,502.5,19501,-0.005969792848181665
2025-07-09 15:39:00,502.52,502.47,502.57,502.53,17398,0.0019899705484327512
2025-07-09 15:38:00,502.58,502.49,502.66,502.52,22580,-0.015917230401918392
2025-07-09 15:37:00,502.53,502.42,502.62,502.6,19774,0.019900497512437276
2025-07-09 15:36:00,502.23,502.2,502.5,502.5,39432,0.05575245908167048
2025-07-09 15:35:00,502.3,502.16,502.37,502.22,50584,-0.021897955527239166
2025-07-09 15:34:00,502.36,502.3,502.39,502.33,25118,-0.009952625502607226
2025-07-09 15:33:00,502.29,502.25,502.39,502.38,32303,0.01990921398422607
2025-07-09 15:32:00,502.21,502.17,502.31,502.28,25851,0.007964319847086898
2025-07-09 15:31:00,502.36,502.22,502.36,502.24,20106,-0.02587734140175879
2025-07-09 15:30:00,502.33,502.22,502.37,502.37,34022,0.009953814301644215
2025-07-09 15:29:00,502.41,502.28,502.41,502.32,26602,-0.007962417389928422
2025-07-09 15:28:00,502.4,502.36,502.5,502.36,35803,-0.009952031209570222
2025-07-09 15:27:00,502.45,502.4,502.45,502.41,240,-0.011941011403671098
2025-07-09 15:26:00,502.63,502.47,502.63,502.47,15473,-0.02984361943415559
2025-07-09 15:25:00,502.49,502.49,502.65,502.62,15315,0.02985252850915554
2025-07-09 15:24:00,502.49,502.41,502.5,502.47,17096,-0.007960040596199924
2025-07-09 15:23:00,502.77,502.51,502.77,502.51,18091,-0.04972551515634027
2025-07-09 15:22:00,502.91,502.75,502.92,502.76,14117,-0.02982641029211086
2025-07-09 15:21:00,502.63,502.63,502.94,502.91,48361,0.05769766423939782
2025-07-09 15:20:00,502.62,502.49,502.62,502.62,20266,0.003979307600476822
2025-07-09 15:19:00,502.63,502.6,502.71,502.6,32063,-0.0019896142138042805
2025-07-09 15:18:00,502.61,502.5,502.62,502.61,21513,-0.005968486391849659
2025-07-09 15:17:00,502.65,502.58,502.68,502.64,25426,-0.003978832610518346
2025-07-09 15:16:00,502.64,502.64,502.72,502.66,20825,-0.00198937672827304
2025-07-09 15:15:00,502.6,502.54,502.68,502.67,16787,0.011937685282825683
2025-07-09 15:14:00,502.59,502.52,502.63,502.61,19237,0.001989653800227309
2025-07-09 15:13:00,502.57,502.57,502.65,502.6,18379,0.0059693177069997105
2025-07-09 15:12:00,502.54,502.53,502.62,502.57,10258,0.005969674055794627
2025-07-09 15:11:00,502.63,502.54,502.64,502.54,17396,-0.015916597031551127
2025-07-09 15:10:00,502.62,502.59,502.68,502.62,21346,0.003979307600476822
2025-07-09 15:09:00,502.61,502.55,502.62,502.6,10988,-0.003979149257882231
2025-07-09 15:08:00,502.57,502.5,502.62,502.62,25228,0.017909378544578303
2025-07-09 15:07:00,502.64,502.52,502.64,502.53,12086,-0.027851274195800357
2025-07-09 15:06:00,502.6,502.56,502.74,502.67,23983,0.019897725689954626
2025-07-09 15:05:00,502.66,502.55,502.67,502.57,11325,-0.01790474674731035
2025-07-09 15:04:00,502.65,502.63,502.73,502.66,16501,0.005968605136974503
2025-07-09 15:03:00,502.59,502.55,502.63,502.63,11871,0.013928685132125196
2025-07-09 15:02:00,502.65,502.56,502.65,502.56,11604,-0.01591596371159909
2025-07-09 15:01:00,502.65,502.61,502.71,502.64,20471,-0.00596813018481912
2025-07-09 15:00:00,502.66,502.55,502.67,502.67,9541,0.0019894163052480707
2025-07-09 14:59:00,502.7,502.62,502.72,502.66,13074,0.0
2025-07-09 14:58:00,502.73,502.6,502.75,502.66,10668,-0.013923975095975205
2025-07-09 14:57:00,502.6,502.59,502.77,502.73,18394,0.017905459175548977
2025-07-09 14:56:00,502.56,502.53,502.65,502.64,9553,0.015918497293854195
2025-07-09 14:55:00,502.61,502.53,502.61,502.56,15632,-0.007958615200953645
2025-07-09 14:54:00,502.71,502.57,502.71,502.6,14964,-0.019892580067626398
2025-07-09 14:53:00,502.66,502.63,502.74,502.7,16131,0.003978674305726848
2025-07-09 14:52:00,502.55,502.53,502.68,502.68,10134,0.027858478927056396
2025-07-09 14:51:00,502.39,502.39,502.6,502.54,22634,0.027866242038232514
2025-07-09 14:50:00,502.37,502.35,502.42,502.4,11515,0.00796241738991732
2025-07-09 14:49:00,502.37,502.32,502.4,502.36,14940,-0.0019905647232087986
2025-07-09 14:48:00,502.47,502.35,502.48,502.37,19296,-0.023881072260145686
2025-07-09 14:47:00,502.52,502.42,502.52,502.49,8442,-0.009949456759661413
2025-07-09 14:46:00,502.57,502.51,502.65,502.54,20590,-0.0039796243234579975
2025-07-09 14:45:00,502.52,502.48,502.56,502.56,16840,0.00795988219375321
2025-07-09 14:44:00,502.39,502.38,502.54,502.52,25690,0.01791294309654301
2025-07-09 14:43:00,502.38,502.35,502.43,502.43,8981,0.007961941917633553
2025-07-09 14:42:00,502.43,502.38,502.45,502.39,10206,-0.005971099876600494
2025-07-09 14:41:00,502.47,502.38,502.48,502.42,10872,-0.009950842836392582
2025-07-09 14:40:00,502.51,502.44,502.56,502.47,9638,-0.0039801787100168795
2025-07-09 14:39:00,502.53,502.46,502.53,502.49,13480,-0.01591818055195482
2025-07-09 14:38:00,502.47,502.42,502.6,502.57,14172,0.02189228993352277
2025-07-09 14:37:00,502.42,502.38,502.47,502.46,11407,0.011942675159226646
2025-07-09 14:36:00,502.48,502.4,502.51,502.4,11668,-0.015921031682863962
2025-07-09 14:35:00,502.6,502.47,502.6,502.48,217381,-0.027854044805220024
2025-07-09 14:34:00,502.39,502.39,502.65,502.62,18714,0.047772602412510246
2025-07-09 14:33:00,502.48,502.38,502.49,502.38,12262,-0.017911517105506647
2025-07-09 14:32:00,502.56,502.47,502.6,502.47,15382,-0.017908309455583193
2025-07-09 14:31:00,502.61,502.52,502.63,502.56,16191,-0.007958615200953645
2025-07-09 14:30:00,502.77,502.57,502.77,502.6,13860,-0.03182432970004756
2025-07-09 14:29:00,502.95,502.75,503.01,502.76,15887,-0.041751993160632495
2025-07-09 14:28:00,502.94,502.93,503.07,502.97,35151,0.001988229680294218
2025-07-09 14:27:00,503.05,502.9,503.11,502.96,28648,-0.009940160235388795
2025-07-09 14:26:00,502.76,502.75,503.04,503.01,22039,0.05370569280342963
2025-07-09 14:25:00,502.79,502.72,502.88,502.74,21508,-0.013921759710422421
2025-07-09 14:24:00,502.75,502.72,502.81,502.81,25928,0.011934361014431794
2025-07-09 14:23:00,502.56,502.56,502.79,502.75,19924,0.04178771839056239
2025-07-09 14:22:00,502.57,502.51,502.64,502.54,11884,0.0
2025-07-09 14:21:00,502.33,502.27,502.54,502.54,64874,0.043796782927230105
2025-07-09 14:20:00,502.37,502.28,502.42,502.32,29084,-0.011943150603133112
2025-07-09 14:19:00,502.43,502.38,502.49,502.38,12113,0.0
2025-07-09 14:18:00,502.29,502.29,502.47,502.38,17168,0.023892008123294062
2025-07-09 14:17:00,502.23,502.22,502.4,502.26,13406,0.00597335881966643
2025-07-09 14:16:00,502.12,502.05,502.25,502.23,38812,0.01991516141239824
2025-07-09 14:15:00,502.22,502.09,502.24,502.13,13500,-0.009956589270776472
2025-07-09 14:14:00,502.22,502.15,502.23,502.18,18014,-0.00398247710075017
2025-07-09 14:13:00,502.27,502.15,502.27,502.2,43614,-0.007964319847086898
2025-07-09 14:12:00,502.34,502.21,502.44,502.24,19540,-0.021897083706579057
2025-07-09 14:11:00,502.22,502.22,502.36,502.35,19861,0.03186045122365311
2025-07-09 14:10:00,502.05,502.01,502.2,502.19,12850,0.027885668758087512
2025-07-09 14:09:00,502.04,502.04,502.2,502.05,20107,0.005975857535567286
2025-07-09 14:08:00,502.15,501.97,502.26,502.02,23647,-0.019915558033944958
2025-07-09 14:07:00,501.86,501.81,502.15,502.12,37775,0.06576456286493393
2025-07-09 14:06:00,501.81,501.72,501.87,501.79,14574,0.0
2025-07-09 14:05:00,501.66,501.66,501.82,501.79,15375,0.033890195765717834
2025-07-09 14:04:00,501.81,501.62,501.84,501.62,11062,-0.03387871420315047
2025-07-09 14:03:00,501.69,501.64,501.86,501.79,11809,0.027907903917090415
2025-07-09 14:02:00,501.8,501.65,501.8,501.65,11396,-0.02192283163265918
2025-07-09 14:01:00,501.81,501.68,501.85,501.76,17105,-0.001992944974782418
2025-07-09 14:00:00,501.64,501.63,501.81,501.77,16801,0.021927201690385978
2025-07-09 13:59:00,501.6,501.58,501.75,501.66,10631,0.021932010766634313
2025-07-09 13:58:00,501.58,501.49,501.62,501.55,10567,0.009970089730804155
2025-07-09 13:57:00,501.62,501.5,501.67,501.5,7584,-0.009969095803008532
2025-07-09 13:56:00,501.43,501.41,501.62,501.55,9076,0.015953097892196233
2025-07-09 13:55:00,501.36,501.35,501.51,501.47,11008,0.011966255160444916
2025-07-09 13:54:00,501.45,501.29,501.46,501.41,24077,-0.005982769623480433
2025-07-09 13:53:00,501.71,501.25,501.73,501.44,53387,-0.061783756851019334
2025-07-09 13:52:00,501.69,501.65,501.75,501.75,11099,0.017940437746677418
2025-07-09 13:51:00,501.63,501.59,501.67,501.66,11935,0.0
2025-07-09 13:50:00,501.44,501.39,501.66,501.66,11864,0.041878552198637564
2025-07-09 13:49:00,501.44,501.44,501.52,501.45,8532,0.0
2025-07-09 13:48:00,501.52,501.43,501.52,501.45,11063,-0.011963869115272363
2025-07-09 13:47:00,501.39,501.37,501.52,501.51,16980,0.01994375860074893
2025-07-09 13:46:00,501.5,501.32,501.55,501.41,22495,-0.021933322698985958
2025-07-09 13:45:00,501.55,501.43,501.62,501.52,10129,0.0
2025-07-09 13:44:00,501.6,501.52,501.6,501.52,9060,-0.011962199449744304
2025-07-09 13:43:00,501.64,501.52,501.66,501.58,12074,-0.01594705577483424
2025-07-09 13:42:00,501.75,501.65,501.79,501.66,17046,-0.015944513094423574
2025-07-09 13:41:00,501.89,501.73,501.89,501.74,11263,-0.02191890006973951
2025-07-09 13:40:00,501.92,501.85,501.94,501.85,10103,-0.025897446113387623
2025-07-09 13:39:00,501.85,501.82,501.98,501.98,11365,0.02989060040252678
2025-07-09 13:38:00,501.85,501.82,501.91,501.83,11002,0.0019927464030899955
2025-07-09 13:37:00,501.75,501.72,501.82,501.82,10230,0.013951170901838061
2025-07-09 13:36:00,501.84,501.71,501.84,501.75,16429,-0.01195671668560161
2025-07-09 13:35:00,501.69,501.68,501.83,501.81,11325,0.033888844589746725
2025-07-09 13:34:00,501.88,501.63,501.88,501.64,17914,-0.04582860103213848
2025-07-09 13:33:00,501.68,501.67,501.87,501.87,16302,0.0398668447385786
2025-07-09 13:32:00,501.62,501.55,501.87,501.67,17616,0.003986843416736718
2025-07-09 13:31:00,501.68,501.59,501.69,501.65,11206,-0.005979907510766935
2025-07-09 13:30:00,501.47,501.47,501.7,501.68,13920,0.03389762915992911
2025-07-09 13:29:00,501.41,501.41,501.53,501.51,10564,0.01994375860074893
2025-07-09 13:28:00,501.41,501.3,501.53,501.41,16589,-0.003988592625092657
2025-07-09 13:27:00,501.51,501.38,501.58,501.43,18605,-0.015951825487026117
2025-07-09 13:26:00,501.53,501.48,501.63,501.51,13717,0.001994017946160831
2025-07-09 13:25:00,501.31,501.29,501.59,501.5,28463,0.03989626969878035
2025-07-09 13:24:00,501.3,501.25,501.35,501.3,18369,0.001994853278541875
2025-07-09 13:23:00,501.26,501.22,501.38,501.29,10388,0.0
2025-07-09 13:22:00,501.3,501.23,501.38,501.29,13424,-0.01196768724444075
2025-07-09 13:21:00,501.17,501.17,501.35,501.35,12199,0.033919948920546616
2025-07-09 13:20:00,501.31,501.1,501.31,501.18,16353,-0.027926274634959558
2025-07-09 13:19:00,501.29,501.23,501.41,501.32,13219,0.0039896269698802556
2025-07-09 13:18:00,501.37,501.18,501.4,501.3,23782,-0.01396174481919088
2025-07-09 13:17:00,501.48,501.37,501.58,501.37,21253,-0.02193507218632984
2025-07-09 13:16:00,501.35,501.35,501.59,501.48,47774,0.02792516056968619
2025-07-09 13:15:00,500.83,500.79,501.34,501.34,113580,0.10183096060538688
2025-07-09 13:14:00,500.8,500.71,500.9,500.83,48252,0.003993530480617125
2025-07-09 13:13:00,500.85,500.77,500.92,500.81,32014,-0.01197915626809376
2025-07-09 13:12:00,500.97,500.78,500.98,500.87,30964,-0.009981633793820777
2025-07-09 13:11:00,500.84,500.7,501.07,500.92,56761,0.013976240391322392
2025-07-09 13:10:00,500.68,500.68,500.89,500.85,15025,0.037949906123913024
2025-07-09 13:09:00,500.62,500.54,500.85,500.66,28078,0.005992449513625431
2025-07-09 13:08:00,500.55,500.46,500.66,500.63,18061,0.02397554494415477
2025-07-09 13:07:00,500.6,500.48,500.6,500.51,7936,-0.01398377881657309
2025-07-09 13:06:00,500.53,500.44,500.6,500.58,16276,0.01598401598401633
2025-07-09 13:05:00,500.34,500.33,500.5,500.5,15935,0.029979014689707206
2025-07-09 13:04:00,500.4,500.32,500.57,500.35,44211,-0.0059954434629583275
2025-07-09 13:03:00,500.16,500.09,500.44,500.38,20869,0.04398592450414185
2025-07-09 13:02:00,500.14,500.13,500.25,500.16,22207,0.003998880313527131
2025-07-09 13:01:00,500.46,500.0,500.46,500.14,26277,-0.05994724642315319
2025-07-09 13:00:00,500.5,500.37,500.64,500.44,29020,-0.017980940203377038
2025-07-09 12:59:00,500.59,500.47,500.6,500.53,20312,-0.015980503785395506
2025-07-09 12:58:00,500.56,500.54,500.64,500.61,10132,0.013984896311991513
2025-07-09 12:57:00,500.67,500.48,500.67,500.54,17161,-0.02796197171845982
2025-07-09 12:56:00,500.85,500.64,500.85,500.68,16677,-0.02795415518549449
2025-07-09 12:55:00,500.9,500.76,500.9,500.82,15513,-0.00798626362656929
2025-07-09 12:54:00,500.89,500.84,500.91,500.86,20573,-0.007985625873419
2025-07-09 12:53:00,500.9,500.85,500.92,500.9,9442,0.0
2025-07-09 12:52:00,501.03,500.84,501.03,500.9,19389,-0.01996007984031989
2025-07-09 12:51:00,500.88,500.85,501.0,501.0,13137,0.027951922692959208
2025-07-09 12:50:00,501.01,500.81,501.01,500.86,13866,-0.02993952216522322
2025-07-09 12:49:00,501.02,500.99,501.12,501.01,19560,0.001996007984028658
2025-07-09 12:48:00,500.91,500.89,501.03,501.0,20783,0.02395783421178521
2025-07-09 12:47:00,500.76,500.75,500.93,500.88,14856,0.01597444089456168
2025-07-09 12:46:00,500.58,500.58,500.84,500.8,17468,0.041950498411891246
2025-07-09 12:45:00,500.66,500.57,500.71,500.59,13630,-0.009987216363060991
2025-07-09 12:44:00,500.78,500.55,500.82,500.64,29601,-0.023963575365448797
2025-07-09 12:43:00,500.73,500.69,500.79,500.76,8665,0.011983223487121997
2025-07-09 12:42:00,500.66,500.65,500.78,500.7,11588,0.007989453920820289
2025-07-09 12:41:00,500.75,500.66,500.85,500.66,9967,-0.02396261831542068
2025-07-09 12:40:00,500.53,500.5,500.78,500.78,8992,0.041952174521031615
2025-07-09 12:39:00,500.55,500.45,500.61,500.57,12803,0.003995604834683419
2025-07-09 12:38:00,500.78,500.55,500.78,500.55,9968,-0.03594751662572282
2025-07-09 12:37:00,500.58,500.57,500.76,500.73,13744,0.023970755678082156
2025-07-09 12:36:00,500.7,500.46,500.71,500.61,24841,-0.019971640270810553
2025-07-09 12:35:00,500.77,500.64,500.77,500.71,18842,-0.015974759879400224
2025-07-09 12:34:00,500.73,500.69,500.85,500.79,22037,0.017974835230694097
2025-07-09 12:33:00,500.87,500.7,500.89,500.7,12916,-0.029949086552871762
2025-07-09 12:32:00,500.94,500.84,500.98,500.85,13371,-0.013974287311346867
2025-07-09 12:31:00,501.21,500.87,501.29,500.92,32802,-0.05187756893730855
2025-07-09 12:30:00,501.08,501.01,501.18,501.18,48835,0.02195302053604742
2025-07-09 12:29:00,501.08,500.96,501.12,501.07,25838,0.005987545904506675
2025-07-09 12:28:00,501.08,500.95,501.1,501.04,22419,0.001995888469763507
2025-07-09 12:27:00,500.81,500.81,501.1,501.03,21439,0.045926517571870384
2025-07-09 12:26:00,500.64,500.63,500.88,500.8,24856,0.0299610506341752
2025-07-09 12:25:00,500.56,500.45,500.71,500.65,27649,0.02397458693783605
2025-07-09 12:24:00,500.61,500.5,500.64,500.53,20499,-0.011985856689111785
2025-07-09 12:23:00,500.66,500.56,500.7,500.59,24483,-0.011984420253674521
2025-07-09 12:22:00,500.61,500.49,500.67,500.65,28862,0.0
2025-07-09 12:21:00,500.76,500.53,500.81,500.65,27979,-0.021966610751655846
2025-07-09 12:20:00,500.68,500.63,500.81,500.76,22213,0.019973634802061824
2025-07-09 12:19:00,500.61,500.53,500.68,500.66,15084,0.005992449513625431
2025-07-09 12:18:00,500.46,500.38,500.64,500.63,20902,0.02997122762147253
2025-07-09 12:17:00,500.4,500.37,500.5,500.48,12229,0.023982732432648035
2025-07-09 12:16:00,500.44,500.35,500.51,500.36,17749,-0.007993605115896862
2025-07-09 12:15:00,500.15,500.15,500.43,500.4,16323,0.05998800239950253
2025-07-09 12:14:00,499.94,499.93,500.17,500.1,75426,0.030003000300027338
2025-07-09 12:13:00,499.93,499.73,500.0,499.95,21240,0.004000560078409876
2025-07-09 12:12:00,499.87,499.83,500.04,499.93,27370,0.012003120811421297
2025-07-09 12:11:00,499.89,499.87,499.99,499.87,18450,-0.0080014402592532
2025-07-09 12:10:00,499.95,499.86,500.25,499.91,99531,-0.012000720043203739
2025-07-09 12:09:00,500.01,499.81,500.06,499.97,40976,-0.00999960001598632
2025-07-09 12:08:00,500.15,499.98,500.23,500.02,40542,-0.035985605757693495
2025-07-09 12:07:00,500.47,500.2,500.51,500.2,28796,-0.055946291560105
2025-07-09 12:06:00,500.54,500.43,500.65,500.48,19570,-0.007991688643804729
2025-07-09 12:05:00,500.56,500.44,500.57,500.52,33155,-0.007991050023981039
2025-07-09 12:04:00,500.66,500.51,500.68,500.56,20219,-0.007990411506197947
2025-07-09 12:03:00,500.85,500.6,500.92,500.6,15491,-0.051910713572655975
2025-07-09 12:02:00,500.84,500.75,500.96,500.86,20036,0.007986901481582542
2025-07-09 12:01:00,500.44,500.44,500.82,500.82,18691,0.07993285640062187
2025-07-09 12:00:00,500.01,499.95,500.49,500.42,52111,0.07799532028078815
2025-07-09 11:59:00,500.24,500.01,500.29,500.03,29256,-0.04397801099450538
2025-07-09 11:58:00,500.23,500.23,500.41,500.25,16161,0.019994001799461536
2025-07-09 11:57:00,500.26,500.12,500.41,500.15,22579,-0.029982010793527802
2025-07-09 11:56:00,500.45,500.28,500.46,500.3,17690,-0.02597765921307227
2025-07-09 11:55:00,500.19,500.03,500.47,500.43,49792,0.04398152775835218
2025-07-09 11:54:00,500.7,500.02,500.75,500.21,120922,-0.10185333120307227
2025-07-09 11:53:00,500.85,500.72,501.0,500.72,16805,-0.035935316430413256
2025-07-09 11:52:00,500.96,500.76,500.98,500.9,38323,-0.005988860719063904
2025-07-09 11:51:00,501.57,500.91,501.62,500.93,46178,-0.12361678795733688
2025-07-09 11:50:00,501.17,501.14,501.62,501.55,44145,0.0658393519811673
2025-07-09 11:49:00,501.2,501.15,501.28,501.22,8658,0.013967873890052829
2025-07-09 11:48:00,501.39,501.15,501.4,501.15,14909,-0.04387976943176497
2025-07-09 11:47:00,501.44,501.33,501.45,501.37,13546,-0.003988910827890102
2025-07-09 11:46:00,501.27,501.27,501.42,501.39,17447,0.03391724192969292
2025-07-09 11:45:00,501.19,501.13,501.32,501.22,11503,0.01197222443929391
2025-07-09 11:44:00,500.96,500.96,501.23,501.16,15071,0.04192035133248062
2025-07-09 11:43:00,501.18,500.93,501.29,500.95,20475,-0.043897280363958124
2025-07-09 11:42:00,501.11,501.08,501.24,501.17,11904,0.0019953707398823184
2025-07-09 11:41:00,500.99,500.96,501.18,501.16,23969,0.04192035133248062
2025-07-09 11:40:00,501.03,500.9,501.03,500.95,21689,-0.01397149814378329
2025-07-09 11:39:00,500.81,500.78,501.14,501.02,32930,0.043929712460055725
2025-07-09 11:38:00,501.19,500.59,501.2,500.8,30088,-0.08977556109724949
2025-07-09 11:37:00,501.2,501.14,501.3,501.25,21175,0.00399018414698471
2025-07-09 11:36:00,500.97,500.95,501.23,501.23,42414,0.05789116461054622
2025-07-09 11:35:00,501.0,500.92,501.08,500.94,22770,-0.009980239126528012
2025-07-09 11:34:00,501.3,500.91,501.3,500.99,30079,-0.06582621878241657
2025-07-09 11:33:00,501.33,501.22,501.36,501.32,19134,-0.005983843622225926
2025-07-09 11:32:00,501.32,501.32,501.52,501.35,15515,0.0
2025-07-09 11:31:00,501.34,501.29,501.42,501.35,18066,0.001994654326420431
2025-07-09 11:30:00,501.53,501.14,501.53,501.34,35110,-0.03589089168926085
2025-07-09 11:29:00,501.44,501.32,501.52,501.52,22924,0.015954052329281154
2025-07-09 11:28:00,501.88,501.38,501.88,501.44,29667,-0.09165172345088068
2025-07-09 11:27:00,501.7,501.68,501.9,501.9,18262,0.047841167324480516
2025-07-09 11:26:00,501.66,501.53,501.69,501.66,18351,-0.007972892166629997
2025-07-09 11:25:00,501.43,501.43,501.7,501.7,30870,0.05384600043873977
2025-07-09 11:24:00,501.3,501.27,501.47,501.43,34223,0.029923396105968614
2025-07-09 11:23:00,501.35,501.25,501.35,501.28,22227,-0.019944951932671096
2025-07-09 11:22:00,501.37,501.24,501.38,501.38,19959,-0.009971481562731643
2025-07-09 11:21:00,501.36,501.17,501.5,501.43,42017,0.007977821655802408
2025-07-09 11:20:00,501.23,501.21,501.69,501.39,44862,0.03391724192969292
2025-07-09 11:19:00,501.0,500.96,501.22,501.22,19407,0.04990318781563641
2025-07-09 11:18:00,501.14,500.88,501.14,500.97,27758,-0.037912044057786254
2025-07-09 11:17:00,500.6,500.45,501.16,501.16,51407,0.10386705017577658
2025-07-09 11:16:00,501.03,500.55,501.03,500.64,46019,-0.08781032968787628
2025-07-09 11:15:00,501.25,501.0,501.38,501.08,35722,-0.037903724539667394
2025-07-09 11:14:00,501.1,501.0,501.3,501.27,20367,0.0319291173594527
2025-07-09 11:13:00,501.3,501.0,501.36,501.11,54633,-0.035907359013742646
2025-07-09 11:12:00,501.26,501.0,501.31,501.29,24112,-0.003989547385840897
2025-07-09 11:11:00,501.18,501.15,501.43,501.31,29940,0.01596073658798325
2025-07-09 11:10:00,501.15,501.15,501.36,501.23,27180,0.01596328444577466
2025-07-09 11:09:00,501.31,501.15,501.42,501.15,23532,-0.029922202274090814
2025-07-09 11:08:00,501.11,501.07,501.34,501.3,21697,0.031927205970383454
2025-07-09 11:07:00,501.27,500.92,501.3,501.14,65240,-0.039893086528097754
2025-07-09 11:06:00,501.55,501.24,501.62,501.34,54592,-0.04784879779895501
2025-07-09 11:05:00,501.75,501.58,501.96,501.58,42829,-0.03985810514567367
2025-07-09 11:04:00,502.1,501.74,502.1,501.78,43532,-0.06970306494334944
2025-07-09 11:03:00,502.23,501.93,502.24,502.13,55310,-0.023892483822796073
2025-07-09 11:02:00,502.01,501.8,502.25,502.25,35369,0.0398366696544139
2025-07-09 11:01:00,502.18,501.93,502.19,502.05,43511,-0.01593212912990305
2025-07-09 11:00:00,502.0,501.8,502.17,502.13,28710,0.01593466786176112
2025-07-09 10:59:00,501.64,501.56,502.07,502.05,42924,0.06776823264436072
2025-07-09 10:58:00,501.94,501.6,502.0,501.71,44176,-0.05179592405921696
2025-07-09 10:57:00,502.0,501.81,502.04,501.97,32084,-0.011951477003357969
2025-07-09 10:56:00,502.05,501.95,502.2,502.03,71801,-0.009958572339074934
2025-07-09 10:55:00,502.26,501.99,502.3,502.08,28525,-0.027876229540846342
2025-07-09 10:54:00,502.5,502.18,502.5,502.22,18680,-0.06367652326182416
2025-07-09 10:53:00,502.41,502.18,502.54,502.54,32133,0.03383960029461619
2025-07-09 10:52:00,502.65,502.35,502.67,502.37,30138,-0.06365752252879275
2025-07-09 10:51:00,502.62,502.36,502.69,502.69,35715,0.0179068842021346
2025-07-09 10:50:00,502.74,502.6,502.8,502.6,29363,-0.03182432970004756
2025-07-09 10:49:00,502.62,502.54,502.95,502.76,25878,0.01989416305254732
2025-07-09 10:48:00,502.77,502.49,502.82,502.66,51093,-0.027844073190130825
2025-07-09 10:47:00,503.35,502.78,503.35,502.8,29846,-0.10926790503625883
2025-07-09 10:46:00,503.24,503.22,503.41,503.35,26779,0.025833631413685332
2025-07-09 10:45:00,502.86,502.84,503.23,503.22,18716,0.07955133049601937
2025-07-09 10:44:00,502.98,502.77,503.15,502.82,19521,-0.031810409956667396
2025-07-09 10:43:00,502.91,502.69,502.98,502.98,35649,0.005964807634950553
2025-07-09 10:42:00,502.94,502.9,503.2,502.95,29530,0.0019883087445826675
2025-07-09 10:41:00,503.02,502.84,503.11,502.94,25638,-0.027828575972010938
2025-07-09 10:40:00,503.36,503.07,503.47,503.08,22778,-0.0675380398077241
2025-07-09 10:39:00,503.14,503.14,503.45,503.42,34141,0.04968499711826002
2025-07-09 10:38:00,502.8,502.62,503.27,503.17,40112,0.07756871792832243
2025-07-09 10:37:00,502.77,502.69,503.0,502.78,59832,-0.005966468447327067
2025-07-09 10:36:00,503.38,502.46,503.51,502.81,101016,-0.11323453454646915
2025-07-09 10:35:00,503.5,503.33,503.69,503.38,74057,-0.02383316782522682
2025-07-09 10:34:00,503.8,503.49,503.8,503.5,39140,-0.06748174023498699
2025-07-09 10:33:00,503.61,503.5,503.85,503.84,38723,0.04368372979626223
2025-07-09 10:32:00,503.56,503.17,503.65,503.62,74722,-0.0039710904614409515
2025-07-09 10:31:00,504.04,503.4,504.04,503.64,107874,-0.08530561231575584
2025-07-09 10:30:00,504.55,504.07,504.59,504.07,43780,-0.0951342780695752
2025-07-09 10:29:00,504.27,504.26,504.62,504.55,61968,0.04957366646836103
2025-07-09 10:28:00,503.68,503.55,504.38,504.3,59909,0.1191185229303171
2025-07-09 10:27:00,504.2,503.6,504.23,503.7,62500,-0.10907288051561492
2025-07-09 10:26:00,504.34,504.21,504.51,504.25,59128,-0.005949075910205437
2025-07-09 10:25:00,504.32,504.09,504.44,504.28,49507,-0.00198298598029778
2025-07-09 10:24:00,504.17,503.99,504.34,504.29,47676,0.029753639861951342
2025-07-09 10:23:00,503.95,503.93,504.3,504.14,84507,0.04564307118333222
2025-07-09 10:22:00,504.21,503.9,504.32,503.91,61109,-0.06148109952005543
2025-07-09 10:21:00,504.89,504.22,504.89,504.22,109621,-0.13863582349679104
2025-07-09 10:20:00,504.87,504.75,505.0,504.92,35037,0.01584660486491085
2025-07-09 10:19:00,504.92,504.72,504.95,504.84,54440,-0.019804333188111478
2025-07-09 10:18:00,505.05,504.84,505.05,504.94,33327,-0.025739006474345683
2025-07-09 10:17:00,504.81,504.7,505.1,505.07,55575,0.04952260211561477
2025-07-09 10:16:00,504.79,504.76,504.98,504.82,50000,0.005943065433156036
2025-07-09 10:15:00,504.79,504.6,504.9,504.79,41492,0.0
2025-07-09 10:14:00,504.7,504.66,504.98,504.79,75266,0.017832375668724865
2025-07-09 10:13:00,504.59,504.54,504.89,504.7,52535,0.025764512357051572
2025-07-09 10:12:00,504.23,504.18,504.57,504.57,61853,0.06742954604048723
2025-07-09 10:11:00,503.88,503.85,504.23,504.23,57624,0.07939185836494111
2025-07-09 10:10:00,504.28,503.83,504.31,503.83,84494,-0.09517955225952779
2025-07-09 10:09:00,504.34,504.1,504.5,504.31,70624,-0.0019828680203004545
2025-07-09 10:08:00,504.22,504.19,504.39,504.32,57225,0.013882002974718866
2025-07-09 10:07:00,504.5,504.14,504.81,504.25,98928,-0.0475727962893191
2025-07-09 10:06:00,505.19,504.48,505.28,504.49,118817,-0.14646794529225016
2025-07-09 10:05:00,505.99,504.97,505.99,505.23,120894,-0.16795763515649043
2025-07-09 10:04:00,506.52,505.89,506.61,506.08,94102,-0.08094927836680421
2025-07-09 10:03:00,506.06,505.91,506.58,506.49,101657,0.07705986959098965
2025-07-09 10:02:00,506.37,506.0,506.42,506.1,123592,-0.04542492050637614
2025-07-09 10:01:00,506.47,505.99,506.75,506.33,144365,0.005925340707091387
2025-07-09 10:00:00,505.53,505.2,506.77,506.3,207007,0.1582591493570762
2025-07-09 09:59:00,505.18,505.18,505.78,505.5,125905,0.0692863505889374
2025-07-09 09:58:00,505.17,505.0,505.26,505.15,53773,0.0098990298950552
2025-07-09 09:57:00,504.61,504.61,505.3,505.1,82435,0.09512108120963703
2025-07-09 09:56:00,504.56,504.44,504.74,504.62,59178,0.013873748885151471
2025-07-09 09:55:00,504.9,504.53,505.3,504.55,132432,-0.0792157639370239
2025-07-09 09:54:00,504.45,504.44,504.95,504.95,52648,0.11301003211863225
2025-07-09 09:53:00,504.37,504.11,504.54,504.38,74634,-0.003965107057890549
2025-07-09 09:52:00,504.4,504.28,504.57,504.4,60410,0.009913750371759456
2025-07-09 09:51:00,504.84,504.26,504.88,504.35,62639,-0.0851856254209693
2025-07-09 09:50:00,504.49,504.31,504.95,504.78,103304,0.06145063135567508
2025-07-09 09:49:00,504.22,504.18,504.54,504.47,66048,0.05355017850059429
2025-07-09 09:48:00,504.76,504.2,504.95,504.2,103593,-0.12083754283790382
2025-07-09 09:47:00,504.3,504.18,504.81,504.81,101437,0.10510034108035526
2025-07-09 09:46:00,504.0,503.97,504.29,504.28,73528,0.0773978447677015
2025-07-09 09:45:00,503.4,503.34,504.04,503.89,112139,0.0973381009137908
2025-07-09 09:44:00,503.27,503.12,503.56,503.4,76273,0.015894460780407904
2025-07-09 09:43:00,503.74,503.3,503.89,503.32,167013,-0.07940919558485637
2025-07-09 09:42:00,502.99,502.94,503.76,503.72,66287,0.153096729297153
2025-07-09 09:41:00,502.76,502.69,503.17,502.95,143313,0.0437610645873443
2025-07-09 09:40:00,502.17,501.96,502.73,502.73,85158,0.12547301334395744
2025-07-09 09:39:00,502.01,502.0,502.42,502.1,96703,0.03386926463850859
2025-07-09 09:38:00,501.76,501.2,502.05,501.93,124690,0.033880739795910664
2025-07-09 09:37:00,502.24,501.76,502.82,501.76,115253,-0.08363534987455568
2025-07-09 09:36:00,501.88,501.88,502.31,502.18,49900,0.04582129694192805
2025-07-09 09:35:00,502.13,501.8,502.45,501.95,126265,-0.009960159362554233
2025-07-09 09:34:00,502.32,501.65,502.46,502.0,68024,-0.047785919082510286
2025-07-09 09:33:00,502.23,501.67,502.57,502.24,127809,-0.011945052757311725
2025-07-09 09:32:00,500.9,500.49,502.39,502.3,183662,0.3195526263231496
2025-07-09 09:31:00,501.22,500.08,502.0,500.7,193441,-0.11968880909635216
2025-07-09 09:30:00,500.47,500.18,502.55,501.3,1003192,0.9383054123711432
2025-07-08 15:59:00,496.74,496.54,496.88,496.64,451633,-0.018118494957020115
2025-07-08 15:58:00,496.65,496.57,496.75,496.73,127114,0.018121778350521645
2025-07-08 15:57:00,496.61,496.57,496.75,496.64,76318,0.006040957693143056
2025-07-08 15:56:00,496.55,496.55,496.7,496.61,58270,0.0020136931131675695
2025-07-08 15:55:00,496.57,496.37,496.6,496.6,59010,0.014097839002680246
2025-07-08 15:54:00,496.6,496.23,496.84,496.53,100425,-0.012082401981516888
2025-07-08 15:53:00,496.83,496.57,496.9,496.59,55979,-0.05434126313248466
2025-07-08 15:52:00,496.71,496.59,496.86,496.86,43526,0.030198707495321386
2025-07-08 15:51:00,496.71,496.58,496.73,496.71,44147,-0.004026332212681005
2025-07-08 15:50:00,496.43,496.43,496.86,496.73,73784,0.06446284321428575
2025-07-08 15:49:00,496.39,496.36,496.42,496.41,25259,0.00604375679922331
2025-07-08 15:48:00,496.27,496.27,496.45,496.38,26958,0.02216535353738447
2025-07-08 15:47:00,496.18,496.08,496.31,496.27,31707,0.01209165474296281
2025-07-08 15:46:00,496.02,496.0,496.21,496.21,25912,0.03427142972340924
2025-07-08 15:45:00,495.9,495.86,496.05,496.04,24547,0.036300568708913517
2025-07-08 15:44:00,495.91,495.83,495.96,495.86,32215,-0.016130983586726266
2025-07-08 15:43:00,495.93,495.89,495.99,495.94,17331,0.002016413606753531
2025-07-08 15:42:00,495.9,495.87,495.98,495.93,28496,0.01209994555024796
2025-07-08 15:41:00,495.81,495.81,495.9,495.87,22712,0.0121014098142469
2025-07-08 15:40:00,495.95,495.69,495.95,495.81,46081,-0.026212848328421856
2025-07-08 15:39:00,495.98,495.89,496.03,495.94,42783,-0.014112618697204038
2025-07-08 15:38:00,496.04,495.99,496.04,496.01,16853,-0.012095067228412582
2025-07-08 15:37:00,495.95,495.94,496.07,496.07,19063,0.028229790494616047
2025-07-08 15:36:00,495.92,495.88,496.0,495.93,31418,0.002016454266806633
2025-07-08 15:35:00,495.95,495.88,495.96,495.92,19018,-0.018144795467833763
2025-07-08 15:34:00,495.96,495.95,496.05,496.01,15587,0.0040323393616814585
2025-07-08 15:33:00,496.03,495.95,496.06,495.99,38537,-0.006048143220027669
2025-07-08 15:32:00,496.07,495.99,496.07,496.02,22252,-0.012094823415575995
2025-07-08 15:31:00,496.05,496.03,496.1,496.08,19970,0.020162103310616963
2025-07-08 15:30:00,496.03,495.98,496.08,495.98,15384,-0.018142600842618872
2025-07-08 15:29:00,496.0,495.98,496.07,496.07,16897,0.026212848328421856
2025-07-08 15:28:00,495.88,495.81,495.96,495.94,13652,0.01008288128416801
2025-07-08 15:27:00,495.77,495.75,495.91,495.89,13097,0.02218726047844566
2025-07-08 15:26:00,495.88,495.74,495.92,495.78,13984,-0.016133586092859087
2025-07-08 15:25:00,495.84,495.78,495.86,495.86,12726,0.006050460843431971
2025-07-08 15:24:00,495.86,495.83,495.88,495.83,12331,-0.006050094784826321
2025-07-08 15:23:00,495.92,495.86,495.99,495.86,18795,-0.018146990624046122
2025-07-08 15:22:00,495.9,495.84,495.95,495.95,14258,0.020167389331438024
2025-07-08 15:21:00,496.0,495.84,496.03,495.85,16775,-0.028226375531759107
2025-07-08 15:20:00,495.89,495.88,496.0,495.99,14021,0.014115179867713046
2025-07-08 15:19:00,495.9,495.82,495.92,495.92,11859,0.00403307118370666
2025-07-08 15:18:00,495.92,495.78,495.93,495.9,10596,0.0
2025-07-08 15:17:00,495.85,495.83,495.9,495.9,3783,0.00806679304641289
2025-07-08 15:16:00,495.78,495.75,495.86,495.86,12326,0.016136189438875626
2025-07-08 15:15:00,495.84,495.74,495.85,495.78,17052,-0.02218233882514964
2025-07-08 15:14:00,495.85,495.84,495.89,495.89,12123,0.004033315183415986
2025-07-08 15:13:00,495.94,495.87,495.96,495.87,8809,-0.006049606775548888
2025-07-08 15:12:00,495.87,495.85,495.96,495.9,15061,0.0
2025-07-08 15:11:00,495.71,495.71,495.9,495.9,11439,0.030257186081694698
2025-07-08 15:10:00,495.73,495.65,495.77,495.75,11667,-0.006051071039570033
2025-07-08 15:09:00,495.8,495.7,495.8,495.78,14158,-0.00605070490712345
2025-07-08 15:08:00,495.84,495.74,495.84,495.81,24713,-0.010083491308032766
2025-07-08 15:07:00,495.86,495.79,495.88,495.86,7927,-0.004033233846889583
2025-07-08 15:06:00,495.62,495.62,495.88,495.88,13304,0.046403712296982924
2025-07-08 15:05:00,495.94,495.64,495.94,495.65,19081,-0.05847481550187439
2025-07-08 15:04:00,495.94,495.9,495.96,495.94,11574,0.00806614236741332
2025-07-08 15:03:00,495.97,495.9,496.01,495.9,13095,-0.016129682648502452
2025-07-08 15:02:00,496.1,495.95,496.1,495.98,18234,-0.02418867163878069
2025-07-08 15:01:00,496.07,496.0,496.1,496.1,6820,0.006047533614217393
2025-07-08 15:00:00,496.1,495.98,496.12,496.07,10242,-0.018139309900033762
2025-07-08 14:59:00,496.14,496.11,496.16,496.16,5701,0.002015519500164764
2025-07-08 14:58:00,496.19,496.1,496.19,496.15,8365,-0.0161215565362971
2025-07-08 14:57:00,496.17,496.15,496.23,496.23,5370,0.008061428081984623
2025-07-08 14:56:00,496.24,496.17,496.3,496.19,16141,0.0
2025-07-08 14:55:00,496.19,496.08,496.19,496.19,9080,0.006046436633333485
2025-07-08 14:54:00,496.12,496.06,496.16,496.16,14371,0.010078410030045504
2025-07-08 14:53:00,496.15,496.11,496.23,496.11,9653,-0.008062078000592443
2025-07-08 14:52:00,496.09,496.08,496.24,496.15,17506,0.006046924131242193
2025-07-08 14:51:00,496.18,496.09,496.19,496.12,7938,-0.01007719128525153
2025-07-08 14:50:00,496.13,496.02,496.19,496.17,11542,0.004031039000307324
2025-07-08 14:49:00,496.14,496.13,496.18,496.15,9173,0.012094579612575984
2025-07-08 14:48:00,496.08,496.01,496.15,496.09,11558,0.006047655525542872
2025-07-08 14:47:00,496.09,496.01,496.11,496.06,12251,-0.0040316078051882975
2025-07-08 14:46:00,496.09,496.07,496.15,496.08,10925,0.012096286440055337
2025-07-08 14:45:00,495.95,495.89,496.05,496.02,10078,0.012097749818540393
2025-07-08 14:44:00,495.94,495.92,495.96,495.96,6185,-0.002016250982928014
2025-07-08 14:43:00,495.96,495.95,496.0,495.97,25835,0.004032664583131229
2025-07-08 14:42:00,496.01,495.92,496.02,495.95,13010,-0.02217473692698313
2025-07-08 14:41:00,496.08,496.02,496.08,496.06,5483,-0.01410920524862469
2025-07-08 14:40:00,496.1,496.08,496.16,496.13,8361,0.0020156413770733295
2025-07-08 14:39:00,496.04,496.04,496.12,496.12,8265,0.02016047740009963
2025-07-08 14:38:00,495.87,495.87,496.02,496.02,11239,0.03226717218569597
2025-07-08 14:37:00,495.87,495.83,495.88,495.86,8306,-0.002016657591707993
2025-07-08 14:36:00,495.71,495.71,495.89,495.87,10066,0.020170643645234243
2025-07-08 14:35:00,495.69,495.66,495.8,495.77,9373,0.00806890847839803
2025-07-08 14:34:00,495.66,495.64,495.76,495.73,12849,0.010087153001947513
2025-07-08 14:33:00,495.77,495.68,495.82,495.68,11977,-0.02017023679857788
2025-07-08 14:32:00,495.79,495.68,495.8,495.78,19153,-0.008067443830428456
2025-07-08 14:31:00,495.85,495.71,495.85,495.82,34414,-0.008066793046423992
2025-07-08 14:30:00,496.05,495.86,496.08,495.86,24815,-0.03830259046466722
2025-07-08 14:29:00,496.02,495.97,496.06,496.05,11888,0.0020159664543273337
2025-07-08 14:28:00,496.03,495.99,496.08,496.04,135269,0.0
2025-07-08 14:27:00,496.03,496.03,496.09,496.04,10574,0.002016007096350414
2025-07-08 14:26:00,496.08,496.03,496.12,496.03,15764,-0.010079019512987397
2025-07-08 14:25:00,496.23,496.04,496.25,496.08,17688,-0.030227918505543183
2025-07-08 14:24:00,496.25,496.23,496.29,496.23,6442,-0.0020151539577573097
2025-07-08 14:23:00,496.29,496.08,496.29,496.24,47989,-0.012089462018938235
2025-07-08 14:22:00,496.29,496.28,496.35,496.3,9317,0.0
2025-07-08 14:21:00,496.39,496.26,496.39,496.3,14329,-0.022159102354912807
2025-07-08 14:20:00,496.49,496.32,496.49,496.41,8789,-0.016113114060700706
2025-07-08 14:19:00,496.53,496.48,496.57,496.49,9749,-0.0060420526866944435
2025-07-08 14:18:00,496.6,496.51,496.63,496.52,11495,-0.02013612017236488
2025-07-08 14:17:00,496.54,496.51,496.62,496.62,7860,0.02215463938288753
2025-07-08 14:16:00,496.47,496.46,496.55,496.51,8867,0.010071304838255024
2025-07-08 14:15:00,496.46,496.43,496.52,496.46,8175,-0.0040283596519530285
2025-07-08 14:14:00,496.5,496.45,496.5,496.48,9521,-0.010069885001906531
2025-07-08 14:13:00,496.53,496.51,496.6,496.53,9910,0.004028116251442171
2025-07-08 14:12:00,496.54,496.49,496.54,496.51,6791,-0.010069276623170254
2025-07-08 14:11:00,496.52,496.4,496.58,496.56,10692,0.004027872880318917
2025-07-08 14:10:00,496.53,496.5,496.62,496.54,6823,0.0020139770003924085
2025-07-08 14:09:00,496.48,496.46,496.53,496.53,7234,0.010070899129854816
2025-07-08 14:08:00,496.45,496.44,496.53,496.48,8501,0.01208653962370132
2025-07-08 14:07:00,496.46,496.39,496.46,496.42,7582,-0.012085078955847983
2025-07-08 14:06:00,496.48,496.29,496.48,496.48,19277,-0.010069885001906531
2025-07-08 14:05:00,496.26,496.26,496.58,496.53,14237,0.046342937739263235
2025-07-08 14:04:00,496.26,496.25,496.33,496.3,7976,0.01612188142356974
2025-07-08 14:03:00,496.18,496.18,496.29,496.22,18113,0.012092873266689175
2025-07-08 14:02:00,496.34,496.16,496.4,496.16,17724,-0.030223046080068983
2025-07-08 14:01:00,496.25,496.25,496.34,496.31,15246,0.002014910336489706
2025-07-08 14:00:00,496.56,496.3,496.57,496.3,6942,-0.05638567803777361
2025-07-08 13:59:00,496.52,496.52,496.65,496.58,22373,0.008055745760660038
2025-07-08 13:58:00,496.4,496.4,496.54,496.54,3683,0.02417307924740264
2025-07-08 13:57:00,496.52,496.39,496.52,496.42,8832,-0.010071101979980401
2025-07-08 13:56:00,496.38,496.36,496.51,496.47,12737,0.02216133451526936
2025-07-08 13:55:00,496.33,496.25,496.36,496.36,8270,0.008059316569952735
2025-07-08 13:54:00,496.42,496.28,496.5,496.32,12024,-0.016116035455271405
2025-07-08 13:53:00,496.29,496.29,496.46,496.4,15437,0.03022670025187857
2025-07-08 13:52:00,496.2,496.2,496.29,496.25,12832,0.016123506056398007
2025-07-08 13:51:00,496.06,496.04,496.18,496.17,12940,0.028224099348839182
2025-07-08 13:50:00,496.07,495.99,496.07,496.03,9422,-0.0040318516278725625
2025-07-08 13:49:00,496.06,496.0,496.13,496.05,10076,-0.008063053075035853
2025-07-08 13:48:00,496.1,496.09,496.13,496.09,6490,0.0020158039025997
2025-07-08 13:47:00,495.98,495.93,496.08,496.08,6555,0.01814552712755546
2025-07-08 13:46:00,496.07,495.99,496.07,495.99,6382,-0.014111196226263
2025-07-08 13:45:00,495.97,495.97,496.13,496.06,12977,0.022179655207188453
2025-07-08 13:44:00,495.77,495.76,495.95,495.95,6825,0.03227172794932898
2025-07-08 13:43:00,495.67,495.67,495.86,495.79,9013,0.020173899009456875
2025-07-08 13:42:00,495.61,495.58,495.72,495.69,8935,0.00201743060037618
2025-07-08 13:41:00,495.78,495.6,495.8,495.68,39340,-0.022186812965174774
2025-07-08 13:40:00,495.86,495.72,495.91,495.79,25542,-0.010083898031609806
2025-07-08 13:39:00,495.92,495.81,495.97,495.84,11934,-0.02217965520717735
2025-07-08 13:38:00,495.85,495.81,495.95,495.95,14996,0.03227172794932898
2025-07-08 13:37:00,495.78,495.75,495.86,495.79,7448,0.0020170236798566776
2025-07-08 13:36:00,495.74,495.72,495.78,495.78,5479,0.006051437216325617
2025-07-08 13:35:00,495.67,495.61,495.8,495.75,10158,0.016139770411771615
2025-07-08 13:34:00,495.74,495.64,495.76,495.67,12541,-0.00806923402795201
2025-07-08 13:33:00,495.86,495.69,495.87,495.71,10052,-0.03226652146732789
2025-07-08 13:32:00,495.88,495.87,495.99,495.87,7771,0.0020166982616087736
2025-07-08 13:31:00,496.07,495.85,496.08,495.86,18021,-0.04434768585711568
2025-07-08 13:30:00,495.95,495.93,496.2,496.08,10289,0.03226326826906156
2025-07-08 13:29:00,495.86,495.79,495.93,495.92,24606,0.00403307118370666
2025-07-08 13:28:00,495.87,495.85,495.94,495.9,13726,0.006049972775112877
2025-07-08 13:27:00,495.73,495.71,495.87,495.87,8959,0.03833118140736946
2025-07-08 13:26:00,495.69,495.68,495.75,495.68,6894,0.002017471301463125
2025-07-08 13:25:00,495.8,495.67,495.8,495.67,18573,-0.026220250100850162
2025-07-08 13:24:00,495.73,495.67,495.8,495.8,20611,0.01613814249978862
2025-07-08 13:23:00,495.44,495.44,495.78,495.72,14498,0.06055468087682314
2025-07-08 13:22:00,495.49,495.31,495.49,495.42,17150,-0.02018082014851874
2025-07-08 13:21:00,495.58,495.49,495.58,495.52,8932,-0.008071676487209078
2025-07-08 13:20:00,495.43,495.43,495.62,495.56,11889,0.024220894558379946
2025-07-08 13:19:00,495.24,495.23,495.45,495.44,13058,0.03230495881119122
2025-07-08 13:18:00,495.36,495.2,495.37,495.28,21153,-0.022204727588370776
2025-07-08 13:17:00,495.41,495.36,495.47,495.39,8946,-0.008073794481566754
2025-07-08 13:16:00,495.5,495.4,495.56,495.43,8800,-0.006054979211234102
2025-07-08 13:15:00,495.52,495.46,495.52,495.46,7350,-0.014126289023874694
2025-07-08 13:14:00,495.51,495.48,495.59,495.53,20921,-0.010089188425688178
2025-07-08 13:13:00,495.73,495.58,495.74,495.58,10730,-0.038324222925956164
2025-07-08 13:12:00,495.81,495.75,495.84,495.77,5633,0.004034291477550411
2025-07-08 13:11:00,495.77,495.72,495.83,495.75,6229,0.0020171864283602403
2025-07-08 13:10:00,495.66,495.65,495.81,495.74,8534,0.0201759341457608
2025-07-08 13:09:00,495.72,495.64,495.78,495.64,7097,-0.014121159548929896
2025-07-08 13:08:00,495.62,495.57,495.71,495.71,12224,0.008069885205874705
2025-07-08 13:07:00,495.56,495.56,495.73,495.67,7411,0.020178784026469998
2025-07-08 13:06:00,495.63,495.51,495.64,495.57,21774,-0.006053268765138231
2025-07-08 13:05:00,495.83,495.55,495.83,495.6,1065,-0.0524341548017615
2025-07-08 13:04:00,495.9,495.86,495.95,495.86,5258,0.0
2025-07-08 13:03:00,495.72,495.66,495.91,495.86,10043,0.03631375080697108
2025-07-08 13:02:00,495.83,495.67,495.84,495.68,15296,-0.02823605340647184
2025-07-08 13:01:00,495.74,495.72,495.86,495.82,16370,0.018155044076406668
2025-07-08 13:00:00,495.65,495.57,495.73,495.73,9849,0.026230831315565695
2025-07-08 12:59:00,495.67,495.56,495.7,495.6,18482,-0.008070373658297658
2025-07-08 12:58:00,495.8,495.62,495.8,495.64,7243,-0.024205260609977408
2025-07-08 12:57:00,495.67,495.67,495.85,495.76,12824,0.014121729306615372
2025-07-08 12:56:00,495.81,495.64,495.88,495.69,15130,-0.028235483936023265
2025-07-08 12:55:00,495.99,495.8,496.06,495.83,26776,-0.026211791273489382
2025-07-08 12:54:00,495.76,495.76,495.97,495.96,11141,0.0363064262374424
2025-07-08 12:53:00,495.88,495.7,495.88,495.78,14486,-0.028230359735448296
2025-07-08 12:52:00,495.85,495.78,495.96,495.92,13436,0.016134236850606776
2025-07-08 12:51:00,495.78,495.78,495.92,495.84,7314,0.014119450551675072
2025-07-08 12:50:00,495.8,495.7,495.9,495.77,9932,0.0
2025-07-08 12:49:00,495.84,495.74,495.86,495.77,17933,-0.0020170236798566776
2025-07-08 12:48:00,495.74,495.71,495.81,495.78,10038,0.012103606874847017
2025-07-08 12:47:00,495.63,495.56,495.77,495.72,9693,0.0302681760397272
2025-07-08 12:46:00,495.5,495.43,495.57,495.57,8754,0.0060540016951105
2025-07-08 12:45:00,495.45,495.44,495.61,495.54,20114,0.02825999192572759
2025-07-08 12:44:00,495.44,495.32,495.45,495.4,18596,-0.01009183570491734
2025-07-08 12:43:00,495.29,495.29,495.58,495.45,19842,0.03634381246593321
2025-07-08 12:42:00,495.18,495.18,495.28,495.27,13469,0.02221504160271337
2025-07-08 12:41:00,495.1,495.1,495.18,495.16,8042,0.016159004605320604
2025-07-08 12:40:00,495.09,495.04,495.14,495.08,5606,-0.014137130162572564
2025-07-08 12:39:00,495.21,495.15,495.24,495.15,5610,-0.0201918223119657
2025-07-08 12:38:00,495.14,495.13,495.33,495.25,7303,0.04039995960003484
2025-07-08 12:37:00,495.07,495.0,495.22,495.05,11576,0.008080644835462003
2025-07-08 12:36:00,494.81,494.7,495.02,495.01,25958,0.03233303021117351
2025-07-08 12:35:00,495.39,494.64,495.39,494.85,26172,-0.13521149499514662
2025-07-08 12:34:00,495.39,495.39,495.52,495.52,5076,0.012109958422468203
2025-07-08 12:33:00,495.55,495.3,495.61,495.46,9353,-0.024214052221638305
2025-07-08 12:32:00,495.86,495.2,496.0,495.58,22295,-0.042356642933505384
2025-07-08 12:31:00,495.87,495.78,495.9,495.79,6514,0.0020170236798566776
2025-07-08 12:30:00,496.04,495.72,496.04,495.78,21797,-0.05241512781227753
2025-07-08 12:29:00,496.12,495.99,496.14,496.04,19674,-0.008063215610376595
2025-07-08 12:28:00,496.06,496.02,496.08,496.08,3982,0.0020158445380724643
2025-07-08 12:27:00,496.2,496.07,496.25,496.07,7841,-0.008062728024027521
2025-07-08 12:26:00,496.01,496.0,496.22,496.11,15004,0.03226131666498322
2025-07-08 12:25:00,495.91,495.9,496.04,495.95,11694,0.018150284354456758
2025-07-08 12:24:00,495.99,495.76,496.0,495.86,22047,-0.018146990624046122
2025-07-08 12:23:00,495.81,495.81,496.03,495.95,22505,0.03630715856142164
2025-07-08 12:22:00,495.64,495.64,495.84,495.77,7462,0.026228714389464614
2025-07-08 12:21:00,495.61,495.5,495.68,495.64,9179,0.010088984846357008
2025-07-08 12:20:00,495.64,495.57,495.75,495.59,9887,-0.006053024494578896
2025-07-08 12:19:00,495.65,495.59,495.68,495.62,6532,0.006053390907823086
2025-07-08 12:18:00,495.62,495.59,495.63,495.59,3460,-0.0020177562550571793
2025-07-08 12:17:00,495.56,495.55,495.69,495.6,7806,-0.006052902366682211
2025-07-08 12:16:00,495.62,495.52,495.63,495.63,12656,0.002017674831522598
2025-07-08 12:15:00,495.62,495.61,495.7,495.62,5708,0.0
2025-07-08 12:14:00,495.56,495.56,495.68,495.62,7577,0.014125718898183592
2025-07-08 12:13:00,495.61,495.55,495.65,495.55,5579,-0.006053513055404025
2025-07-08 12:12:00,495.57,495.56,495.73,495.58,7439,0.010090206445623195
2025-07-08 12:11:00,495.7,495.52,495.72,495.53,34632,-0.028244598220594774
2025-07-08 12:10:00,495.48,495.48,495.7,495.67,22486,0.03430877901109408
2025-07-08 12:09:00,495.32,495.32,495.55,495.5,6832,0.03634014374545025
2025-07-08 12:08:00,495.19,495.19,495.32,495.32,5659,0.03837376042654661
2025-07-08 12:07:00,495.23,495.13,495.29,495.13,10622,-0.012116561319897023
2025-07-08 12:06:00,495.14,495.14,495.31,495.19,7856,0.004039016903290005
2025-07-08 12:05:00,495.25,495.12,495.25,495.17,9718,-0.01817227314945269
2025-07-08 12:04:00,495.34,495.23,495.34,495.26,8620,-0.006057057481478889
2025-07-08 12:03:00,495.23,495.23,495.32,495.29,8116,0.01413513186059312
2025-07-08 12:02:00,495.26,495.21,495.28,495.22,7517,0.0
2025-07-08 12:01:00,495.21,495.19,495.27,495.22,3371,0.012117295419655782
2025-07-08 12:00:00,495.31,495.16,495.32,495.16,11132,-0.026247249086397417
2025-07-08 11:59:00,495.44,495.25,495.44,495.29,10229,-0.028258280685466985
2025-07-08 11:58:00,495.27,495.27,495.45,495.43,4470,0.04038527552854276
2025-07-08 11:57:00,495.28,495.23,495.35,495.23,7775,-0.008076402770196278
2025-07-08 11:56:00,495.02,494.94,495.27,495.27,30353,0.05656679932928288
2025-07-08 11:55:00,494.87,494.83,494.99,494.99,19705,0.030312828388989743
2025-07-08 11:54:00,494.79,494.78,494.85,494.84,13393,0.01819100555835451
2025-07-08 11:53:00,495.01,494.75,495.02,494.75,30770,-0.04848582799652501
2025-07-08 11:52:00,495.0,494.99,495.09,494.99,6353,-0.008080318364533934
2025-07-08 11:51:00,495.08,495.0,495.17,495.03,10320,-0.004039995960014586
2025-07-08 11:50:00,495.09,495.02,495.16,495.05,10679,-0.0040398327509239
2025-07-08 11:49:00,495.0,494.97,495.12,495.07,8342,0.010100601995888248
2025-07-08 11:48:00,494.99,494.94,495.19,495.02,13255,0.01616357538287705
2025-07-08 11:47:00,495.07,494.94,495.13,494.94,7498,-0.014141128462052954
2025-07-08 11:46:00,494.95,494.95,495.15,495.01,7832,0.0181847571324667
2025-07-08 11:45:00,494.76,494.71,494.93,494.92,10414,0.03638274649311324
2025-07-08 11:44:00,494.63,494.58,494.77,494.74,15510,0.02021672327350288
2025-07-08 11:43:00,494.9,494.58,494.91,494.64,16929,-0.06263258915042424
2025-07-08 11:42:00,494.97,494.83,494.97,494.95,15301,-0.012120967253181902
2025-07-08 11:41:00,495.13,494.9,495.17,495.01,18510,-0.03433095036148304
2025-07-08 11:40:00,495.14,495.07,495.27,495.18,10997,0.004039098473218594
2025-07-08 11:39:00,494.93,494.92,495.22,495.16,16734,0.044449832302917436
2025-07-08 11:38:00,494.86,494.81,494.97,494.94,15906,0.020208552259326495
2025-07-08 11:37:00,495.0,494.84,495.07,494.84,25330,-0.03434274055069686
2025-07-08 11:36:00,495.18,495.01,495.18,495.01,16190,-0.020197531861609885
2025-07-08 11:35:00,495.18,495.08,495.21,495.11,7123,-0.020193453282435492
2025-07-08 11:34:00,495.24,495.16,495.33,495.21,6099,0.004038853773291606
2025-07-08 11:33:00,495.06,495.06,495.29,495.19,10074,0.026259443299792018
2025-07-08 11:32:00,495.1,495.03,495.15,495.06,11251,-0.010098765930810494
2025-07-08 11:31:00,495.11,495.02,495.14,495.11,27156,0.012119987880021554
2025-07-08 11:30:00,494.84,494.84,495.05,495.05,19049,0.04445971343693955
2025-07-08 11:29:00,494.44,494.43,494.86,494.83,22571,0.07280522579731219
2025-07-08 11:28:00,494.74,494.11,494.75,494.47,40721,-0.05861427762955396
2025-07-08 11:27:00,494.53,494.39,494.78,494.76,47734,0.03841721091049077
2025-07-08 11:26:00,494.23,494.23,494.57,494.57,49596,0.07081866375298063
2025-07-08 11:25:00,494.29,494.13,494.32,494.22,28050,-0.012138868657429747
2025-07-08 11:24:00,494.46,494.19,494.51,494.28,27754,-0.036403349108116156
2025-07-08 11:23:00,494.54,494.35,494.56,494.46,27316,-0.02021999352960213
2025-07-08 11:22:00,494.75,494.46,494.76,494.56,54873,-0.04850444624090455
2025-07-08 11:21:00,494.81,494.63,494.92,494.8,40233,0.0020210594393610393
2025-07-08 11:20:00,494.92,494.7,494.92,494.79,40130,-0.022226712467154908
2025-07-08 11:19:00,495.07,494.9,495.07,494.9,25808,-0.03231931483053119
2025-07-08 11:18:00,495.2,495.02,495.26,495.06,54988,-0.03634601405378968
2025-07-08 11:17:00,495.34,495.24,495.49,495.24,11395,-0.020188153591460534
2025-07-08 11:16:00,495.36,495.26,495.38,495.34,13600,0.0
2025-07-08 11:15:00,495.29,495.28,495.46,495.34,14411,0.004037793749489538
2025-07-08 11:14:00,495.28,495.28,495.58,495.32,17062,0.012114848766309194
2025-07-08 11:13:00,495.4,495.15,495.4,495.26,24688,-0.03229582980097678
2025-07-08 11:12:00,495.59,495.37,495.63,495.42,22764,-0.02825086770521512
2025-07-08 11:11:00,495.64,495.48,495.64,495.56,13307,-0.01210604898914669
2025-07-08 11:10:00,495.64,495.58,495.73,495.62,20801,0.0020177155424683235
2025-07-08 11:09:00,495.55,495.54,495.7,495.61,9763,0.012107759055601797
2025-07-08 11:08:00,495.52,495.5,495.6,495.55,13234,0.002018000565029432
2025-07-08 11:07:00,495.84,495.5,495.94,495.54,44002,-0.05647210681295478
2025-07-08 11:06:00,495.93,495.82,495.99,495.82,47198,-0.018148454356647914
2025-07-08 11:05:00,495.68,495.68,495.91,495.91,15453,0.05447502219353417
2025-07-08 11:04:00,495.57,495.53,495.65,495.64,10734,0.010088984846357008
2025-07-08 11:03:00,495.44,495.38,495.59,495.59,19552,0.03431431916351979
2025-07-08 11:02:00,495.39,495.36,495.52,495.42,10864,0.0020185301063735395
2025-07-08 11:01:00,495.25,495.23,495.51,495.41,41445,0.036346747975679605
2025-07-08 11:00:00,495.16,495.09,495.31,495.23,19378,0.01211705070984781
2025-07-08 10:59:00,495.13,495.03,495.17,495.17,25320,0.01615867822013506
2025-07-08 10:58:00,494.89,494.86,495.13,495.09,30459,0.04243452958292426
2025-07-08 10:57:00,494.7,494.52,494.9,494.88,32438,0.03234152652005218
2025-07-08 10:56:00,494.66,494.65,494.88,494.72,19723,0.012129543524852515
2025-07-08 10:55:00,495.04,494.66,495.06,494.66,28726,-0.08079828707631131
2025-07-08 10:54:00,494.72,494.72,495.06,495.06,17709,0.06872574385510255
2025-07-08 10:53:00,494.89,494.72,495.1,494.72,20848,-0.04848876676901703
2025-07-08 10:52:00,495.83,494.9,495.83,494.96,79459,-0.17546336445959376
2025-07-08 10:51:00,496.06,495.83,496.1,495.83,19490,-0.036289590935667526
2025-07-08 10:50:00,496.2,495.96,496.23,496.01,18461,-0.04231993873685669
2025-07-08 10:49:00,496.17,496.08,496.29,496.22,17858,0.006046071061494018
2025-07-08 10:48:00,496.33,496.15,496.38,496.19,20385,-0.024178436864052966
2025-07-08 10:47:00,496.27,496.23,496.33,496.31,23380,0.004029901871893671
2025-07-08 10:46:00,496.29,496.07,496.31,496.29,33073,-0.01208824418252874
2025-07-08 10:45:00,496.77,496.0,496.81,496.35,61046,-0.07851189757216437
2025-07-08 10:44:00,496.73,496.6,496.8,496.74,10098,0.0020131661063294004
2025-07-08 10:43:00,496.76,496.66,496.76,496.73,11744,-0.014090177133652126
2025-07-08 10:42:00,496.91,496.75,496.91,496.8,12576,-0.02414875633904856
2025-07-08 10:41:00,497.01,496.9,497.03,496.92,18411,-0.020119914691552054
2025-07-08 10:40:00,496.99,496.82,497.07,497.02,16513,0.018111202785098257
2025-07-08 10:39:00,497.01,496.87,497.02,496.93,9256,-0.016096255608533117
2025-07-08 10:38:00,497.0,496.95,497.07,497.01,9514,0.01006117192530187
2025-07-08 10:37:00,496.84,496.79,497.0,496.96,15113,0.032206119162636604
2025-07-08 10:36:00,496.96,496.77,497.01,496.8,26553,-0.028172415180904853
2025-07-08 10:35:00,497.05,496.9,497.14,496.94,32033,-0.014084223657473416
2025-07-08 10:34:00,496.7,496.7,497.01,497.01,19786,0.07248565388100481
2025-07-08 10:33:00,496.56,496.48,496.65,496.65,28956,0.00805461025754628
2025-07-08 10:32:00,496.25,496.17,496.61,496.61,17298,0.06851109275194389
2025-07-08 10:31:00,496.16,496.16,496.33,496.27,13329,0.026202281614051692
2025-07-08 10:30:00,495.95,495.95,496.14,496.14,18869,0.03831031353966896
2025-07-08 10:29:00,495.95,495.8,495.98,495.95,16658,-0.012096530311889175
2025-07-08 10:28:00,495.98,495.86,496.02,496.01,12895,0.016131308854072657
2025-07-08 10:27:00,495.98,495.89,496.02,495.93,12811,-0.012097018085044375
2025-07-08 10:26:00,495.85,495.83,496.02,495.99,11958,0.014115179867713046
2025-07-08 10:25:00,495.94,495.85,496.06,495.92,14760,-0.012097261986365737
2025-07-08 10:24:00,496.19,495.94,496.32,495.98,19820,-0.04232249743041372
2025-07-08 10:23:00,496.11,496.03,496.2,496.19,12621,0.02822296139501912
2025-07-08 10:22:00,495.98,495.9,496.11,496.05,12576,0.022180102431756943
2025-07-08 10:21:00,495.66,495.6,495.94,495.94,17389,0.052453195610069336
2025-07-08 10:20:00,495.96,495.68,496.03,495.68,34225,-0.05444097187216057
2025-07-08 10:19:00,496.09,495.86,496.11,495.95,23103,-0.03628081349645873
2025-07-08 10:18:00,496.06,496.02,496.2,496.13,24357,0.012095067228412582
2025-07-08 10:17:00,496.08,496.03,496.18,496.07,29927,-0.006047167909706275
2025-07-08 10:16:00,496.34,495.98,496.39,496.1,44273,-0.050367684093888254
2025-07-08 10:15:00,496.25,496.17,496.37,496.35,22427,0.014104940759263052
2025-07-08 10:14:00,496.4,496.28,496.49,496.28,19821,-0.02215999516509415
2025-07-08 10:13:00,496.43,496.28,496.44,496.39,15417,-0.010071710579329096
2025-07-08 10:12:00,496.54,496.44,496.6,496.44,18079,-0.024166263895597506
2025-07-08 10:11:00,496.46,496.39,496.62,496.56,47447,0.01812798356395362
2025-07-08 10:10:00,496.04,495.97,496.47,496.47,24536,0.08870431223919617
2025-07-08 10:09:00,495.96,495.93,496.14,496.03,19044,0.018147356535069825
2025-07-08 10:08:00,495.98,495.94,496.22,495.94,29480,-0.010080848404203646
2025-07-08 10:07:00,495.93,495.91,496.16,495.99,28747,0.0040325019658338235
2025-07-08 10:06:00,496.39,495.93,496.44,495.97,36251,-0.08863640941962903
2025-07-08 10:05:00,497.0,496.41,497.02,496.41,25584,-0.10665271461343107
2025-07-08 10:04:00,496.88,496.78,496.99,496.94,15219,0.020127203928832493
2025-07-08 10:03:00,496.92,496.8,496.95,496.84,18298,-0.010062589305481762
2025-07-08 10:02:00,496.82,496.75,496.96,496.89,20727,0.018115942028984477
2025-07-08 10:01:00,496.71,496.59,496.94,496.8,22967,0.020132876988121495
2025-07-08 10:00:00,496.57,496.53,496.81,496.7,41410,0.03423760900651551
2025-07-08 09:59:00,496.97,496.39,497.02,496.53,75340,-0.09456740442655986
2025-07-08 09:58:00,497.2,496.89,497.23,497.0,20690,-0.04223567506687065
2025-07-08 09:57:00,497.3,497.12,497.3,497.21,19831,-0.030159240791383102
2025-07-08 09:56:00,497.28,497.25,497.42,497.36,20332,0.01809881955476822
2025-07-08 09:55:00,497.1,497.0,497.29,497.27,19471,0.01407884151247707
2025-07-08 09:54:00,497.64,497.17,497.66,497.2,40893,-0.08440175234114555
2025-07-08 09:53:00,497.71,497.47,497.75,497.62,21590,-0.014064980208561284
2025-07-08 09:52:00,497.54,497.54,497.78,497.69,32142,0.04221275227145327
2025-07-08 09:51:00,497.51,497.26,497.54,497.48,27654,-0.004020100502510893
2025-07-08 09:50:00,497.19,497.19,497.72,497.5,41507,0.06436300736152312
2025-07-08 09:49:00,497.06,496.92,497.18,497.18,14287,0.018105373272447878
2025-07-08 09:48:00,496.66,496.57,497.09,497.09,22906,0.08053312931606271
2025-07-08 09:47:00,496.64,496.53,496.74,496.69,23937,0.004026818611957417
2025-07-08 09:46:00,496.7,496.48,496.72,496.67,22420,-0.006039863096429787
2025-07-08 09:45:00,496.39,496.39,497.0,496.7,30068,0.05237289501249798
2025-07-08 09:44:00,496.64,496.39,496.78,496.44,26153,-0.04027061855670366
2025-07-08 09:43:00,496.66,496.41,496.7,496.64,23900,-0.010066641164507839
2025-07-08 09:42:00,496.72,496.5,496.76,496.69,24864,-0.012078510317059532
2025-07-08 09:41:00,496.8,496.65,496.9,496.75,18619,-0.008051691861754584
2025-07-08 09:40:00,496.62,496.52,496.86,496.79,28837,0.004026008011770443
2025-07-08 09:39:00,496.78,496.49,496.78,496.77,34086,-0.0020129634848431444
2025-07-08 09:38:00,496.79,496.7,497.05,496.78,43027,0.006039255158518664
2025-07-08 09:37:00,496.68,496.56,496.89,496.75,57303,0.018121048604680112
2025-07-08 09:36:00,496.71,496.59,496.82,496.66,25574,0.010068262821927298
2025-07-08 09:35:00,496.55,496.36,496.69,496.61,40652,-0.004027142943430206
2025-07-08 09:34:00,496.83,496.6,496.98,496.63,42372,-0.04427895743183141
2025-07-08 09:33:00,496.73,496.53,497.07,496.85,39218,0.020130850528432553
2025-07-08 09:32:00,497.35,496.7,497.46,496.75,97514,-0.14272504321954926
2025-07-08 09:31:00,497.76,497.38,498.09,497.46,43070,-0.05625426929722899
2025-07-08 09:30:00,497.07,497.0,498.2,497.74,414779,0.0
